Fund Name,P1,P2,P3,P4,P5,Topsis Score,Rank
M1,0.82,0.67,5.8,61.9,17.3,0.6262976422747494,2
M2,0.73,0.53,3.5,35.8,10.14,0.42104885669704323,6
M3,0.64,0.41,5.7,45.1,12.96,0.3335070198287386,7
M4,0.81,0.66,6.3,54.6,15.59,0.5334813700781992,4
M5,0.7,0.49,6.9,63.6,17.92,0.5317930747950609,5
M6,0.78,0.61,3.3,64.4,17.27,0.7249405123660302,1
M7,0.62,0.38,5.8,68.3,18.78,0.5605250829500324,3
M8,0.69,0.48,6.6,37.8,11.39,0.2871450987546342,8
