Fund Name,P1,P2,P3,P4,P5,Topsis Score,Rank
M1,0.82,0.67,5.8,61.9,17.3,0.7068437660981258,2
M2,0.73,0.53,3.5,35.8,10.14,0.33817887803260577,6
M3,0.64,0.41,5.7,45.1,12.96,0.2778524672230262,7
M4,0.81,0.66,6.3,54.6,15.59,0.5612488072539767,5
M5,0.7,0.49,6.9,63.6,17.92,0.6014346425622712,4
M6,0.78,0.61,3.3,64.4,17.27,0.8674771942448223,1
M7,0.62,0.38,5.8,68.3,18.78,0.6371274025312044,3
M8,0.69,0.48,6.6,37.8,11.39,0.14756492460029108,8
