Fund Name,P1,P2,P3,P4,P5,Topsis Score,Rank
M1,0.82,0.67,5.8,61.9,17.3,0.4844993557354637,5
M2,0.73,0.53,3.5,35.8,10.14,0.5831817664217407,2
M3,0.64,0.41,5.7,45.1,12.96,0.5548991369085963,4
M4,0.81,0.66,6.3,54.6,15.59,0.5806405195709382,3
M5,0.7,0.49,6.9,63.6,17.92,0.44527893458971907,6
M6,0.78,0.61,3.3,64.4,17.27,0.35675004705846414,7
M7,0.62,0.38,5.8,68.3,18.78,0.34788453784829826,8
M8,0.69,0.48,6.6,37.8,11.39,0.669608727372813,1
